State,Action_0,Action_1,Action_2,Action_3,Action_4,Action_5,Action_6,Action_7
0,0.565246465424738,-0.3729490231850099,0.17404582515083722,-0.5631266513892588,0.6985240376671498,-0.7430615793679167,0.39309722935753344,0.053889587663080496
1,52.02782764124153,51.824912471544025,51.79173019241278,53.52929017117578,51.88372568158738,51.94622156890933,52.13419197281415,51.89004319743149
2,57.15072357341239,57.38207789281791,57.49213372914608,56.62449632399386,56.77898271679305,57.38863092441643,57.54485268016385,57.593272517229444
3,41.933479755968584,35.231966296635456,41.9411767976616,41.96169950589192,41.96808998901369,41.94055517797232,41.951075893335,41.94723348428218
4,54.54813490866566,61.55498635693971,55.846773170876,56.49232304332375,58.79401790315435,54.65645092412136,57.96338887029662,55.8928266438768
5,59.9935807102372,59.73502105000754,60.54311188025658,61.78561834575367,60.48750239995607,59.595010948844184,60.4955652319236,60.36335522710516
6,60.52054169020801,60.03057601181235,63.382671627172144,60.17166328254804,61.879146015510145,61.61789364198087,60.20688783812439,62.809221118020126
7,64.46003310278643,65.1259536827215,65.00646422160727,65.1120907515322,65.45902611831302,64.54104050383512,64.96655380838985,65.47725421225559
