State,Action_0,Action_1,Action_2
0,50.69171582412046,47.81278989203108,48.28553358039541
1,53.510817796653555,54.51029699121218,52.78993712180991
2,49.37768453620291,48.95277914065128,50.89818025783202
