State,Action_0,Action_1,Action_2,Action_3,Action_4,Action_5,Action_6,Action_7
0,44.345820858836035,47.689869001857474,46.26989167861405,44.03695044477584,45.22643637216206,44.2062296651584,48.40666734451605,46.69174703907527
1,45.05539416439451,45.052638133485196,45.103168150034506,45.00303239285317,45.144211961575266,44.80601661731967,44.916597603300964,44.88857777803177
2,58.59858045267024,61.18899865728998,56.92123560136095,58.20533503624768,59.5837344410128,58.03093782421521,59.59810328139558,57.385801750958215
3,61.46488842455325,59.62833937245795,60.061009302285406,58.78850841516905,59.33767478489202,58.79377065950772,58.248362264881344,59.50233792572922
4,59.01806121985236,56.02013230319331,59.07750425506459,60.80275383440013,55.44869593531658,57.68342936036192,56.56938799497961,56.677150124004974
5,57.98369196150105,60.94147400124417,56.472078597768856,59.414090196818165,58.71601292719801,59.178994434633935,60.08841918328744,57.30453236396166
6,63.7599675483884,63.901266393033175,63.167258853119314,62.168942675883414,62.46941929390143,63.17538994509228,63.34382083986346,62.36677904870534
7,72.80400868098837,67.70151743723765,69.30724322018932,65.62628965202526,66.04918893321516,68.71751163845298,67.56113657661783,66.01937329993108
