State,Action_0,Action_1,Action_2
0,44.97977648845654,43.42920869852009,43.473589170228024
1,48.061486863968454,49.13373550500661,47.51814861363954
2,45.0946474496063,45.07472372073998,46.66564904660491
