State,Action_0,Action_1,Action_2
0,48.95937677516022,46.78123073766635,46.85372428313802
1,52.07949564731443,53.0198650330759,50.19677046506622
2,44.9007623966754,45.00086962629388,46.52614603401034
