state,actions...
0,6.222763885730272,5.823513007624327,5.735519661258396
1,5.358320706778807,7.5806085259393585,5.5034926748169815
2,2.5551194572366893,3.51199557715472,6.0242815748388905
