state,actions...
0,6.659952439759512,6.581022605183193,5.17930248081599
1,5.763881391011832,8.143374559734328,5.613445740439755
2,5.8093643191996165,6.194314540196565,6.631455158426855
