state,actions...
0,6.993206839848136,6.313571759183459,5.591083665829456
1,6.062843541839892,8.75489030631772,6.480476120915069
2,5.321839396346923,6.251463061889702,6.766777108747178
