state,actions...
0,2.151673806030896,1.2669402537168335,0.7995701112308855
1,3.8550937445459788,4.679710662733528,4.068712581060675
2,0.4524323158062081,-0.3310429694405499,2.384541745002968
